﻿{
  "ProviderId": "Microsoft.VisualStudio.ConnectedService.Wcf",
  "Version": "15.0.31022.994",
  "ExtendedData": {
    "inputs": [
      "http://159.31.61.138:9999/ws/hotels?wsdl"
    ],
    "collectionTypes": [
      "System.Array",
      "System.Collections.Generic.Dictionary`2"
    ],
    "namespaceMappings": [
      "*, HotelServiceClientRef"
    ],
    "references": [
      "dotnet-aspnet-codegenerator-design, {Microsoft.VisualStudio.Web.CodeGeneration.Design, 2.2.4}",
      "Microsoft.AspNetCore, {Microsoft.AspNetCore, 2.2.0}",
      "Microsoft.AspNetCore.Antiforgery, {Microsoft.AspNetCore.Antiforgery, 2.2.0}",
      "Microsoft.AspNetCore.Authentication, {Microsoft.AspNetCore.Authentication, 2.2.0}",
      "Microsoft.AspNetCore.Authentication.Abstractions, {Microsoft.AspNetCore.Authentication.Abstractions, 2.2.0}",
      "Microsoft.AspNetCore.Authentication.Cookies, {Microsoft.AspNetCore.Authentication.Cookies, 2.2.0}",
      "Microsoft.AspNetCore.Authentication.Core, {Microsoft.AspNetCore.Authentication.Core, 2.2.0}",
      "Microsoft.AspNetCore.Authentication.Facebook, {Microsoft.AspNetCore.Authentication.Facebook, 2.2.0}",
      "Microsoft.AspNetCore.Authentication.Google, {Microsoft.AspNetCore.Authentication.Google, 2.2.0}",
      "Microsoft.AspNetCore.Authentication.JwtBearer, {Microsoft.AspNetCore.Authentication.JwtBearer, 2.2.0}",
      "Microsoft.AspNetCore.Authentication.MicrosoftAccount, {Microsoft.AspNetCore.Authentication.MicrosoftAccount, 2.2.0}",
      "Microsoft.AspNetCore.Authentication.OAuth, {Microsoft.AspNetCore.Authentication.OAuth, 2.2.0}",
      "Microsoft.AspNetCore.Authentication.OpenIdConnect, {Microsoft.AspNetCore.Authentication.OpenIdConnect, 2.2.0}",
      "Microsoft.AspNetCore.Authentication.Twitter, {Microsoft.AspNetCore.Authentication.Twitter, 2.2.0}",
      "Microsoft.AspNetCore.Authentication.WsFederation, {Microsoft.AspNetCore.Authentication.WsFederation, 2.2.0}",
      "Microsoft.AspNetCore.Authorization, {Microsoft.AspNetCore.Authorization, 2.2.0}",
      "Microsoft.AspNetCore.Authorization.Policy, {Microsoft.AspNetCore.Authorization.Policy, 2.2.0}",
      "Microsoft.AspNetCore.Connections.Abstractions, {Microsoft.AspNetCore.Connections.Abstractions, 2.2.0}",
      "Microsoft.AspNetCore.CookiePolicy, {Microsoft.AspNetCore.CookiePolicy, 2.2.0}",
      "Microsoft.AspNetCore.Cors, {Microsoft.AspNetCore.Cors, 2.2.0}",
      "Microsoft.AspNetCore.Cryptography.Internal, {Microsoft.AspNetCore.Cryptography.Internal, 2.2.0}",
      "Microsoft.AspNetCore.Cryptography.KeyDerivation, {Microsoft.AspNetCore.Cryptography.KeyDerivation, 2.2.0}",
      "Microsoft.AspNetCore.DataProtection, {Microsoft.AspNetCore.DataProtection, 2.2.0}",
      "Microsoft.AspNetCore.DataProtection.Abstractions, {Microsoft.AspNetCore.DataProtection.Abstractions, 2.2.0}",
      "Microsoft.AspNetCore.DataProtection.Extensions, {Microsoft.AspNetCore.DataProtection.Extensions, 2.2.0}",
      "Microsoft.AspNetCore.Diagnostics, {Microsoft.AspNetCore.Diagnostics, 2.2.0}",
      "Microsoft.AspNetCore.Diagnostics.Abstractions, {Microsoft.AspNetCore.Diagnostics.Abstractions, 2.2.0}",
      "Microsoft.AspNetCore.Diagnostics.EntityFrameworkCore, {Microsoft.AspNetCore.Diagnostics.EntityFrameworkCore, 2.2.0}",
      "Microsoft.AspNetCore.Diagnostics.HealthChecks, {Microsoft.AspNetCore.Diagnostics.HealthChecks, 2.2.0}",
      "Microsoft.AspNetCore.HostFiltering, {Microsoft.AspNetCore.HostFiltering, 2.2.0}",
      "Microsoft.AspNetCore.Hosting, {Microsoft.AspNetCore.Hosting, 2.2.0}",
      "Microsoft.AspNetCore.Hosting.Abstractions, {Microsoft.AspNetCore.Hosting.Abstractions, 2.2.0}",
      "Microsoft.AspNetCore.Hosting.Server.Abstractions, {Microsoft.AspNetCore.Hosting.Server.Abstractions, 2.2.0}",
      "Microsoft.AspNetCore.Html.Abstractions, {Microsoft.AspNetCore.Html.Abstractions, 2.2.0}",
      "Microsoft.AspNetCore.Http, {Microsoft.AspNetCore.Http, 2.2.0}",
      "Microsoft.AspNetCore.Http.Abstractions, {Microsoft.AspNetCore.Http.Abstractions, 2.2.0}",
      "Microsoft.AspNetCore.Http.Connections, {Microsoft.AspNetCore.Http.Connections, 1.1.0}",
      "Microsoft.AspNetCore.Http.Connections.Common, {Microsoft.AspNetCore.Http.Connections.Common, 1.1.0}",
      "Microsoft.AspNetCore.Http.Extensions, {Microsoft.AspNetCore.Http.Extensions, 2.2.0}",
      "Microsoft.AspNetCore.Http.Features, {Microsoft.AspNetCore.Http.Features, 2.2.0}",
      "Microsoft.AspNetCore.HttpOverrides, {Microsoft.AspNetCore.HttpOverrides, 2.2.0}",
      "Microsoft.AspNetCore.HttpsPolicy, {Microsoft.AspNetCore.HttpsPolicy, 2.2.0}",
      "Microsoft.AspNetCore.Identity, {Microsoft.AspNetCore.Identity, 2.2.0}",
      "Microsoft.AspNetCore.Identity.EntityFrameworkCore, {Microsoft.AspNetCore.Identity.EntityFrameworkCore, 2.2.0}",
      "Microsoft.AspNetCore.Identity.UI, {Microsoft.AspNetCore.Identity.UI, 2.2.0}",
      "Microsoft.AspNetCore.Identity.UI.Views.V3, {Microsoft.AspNetCore.Identity.UI, 2.2.0}",
      "Microsoft.AspNetCore.Identity.UI.Views.V4, {Microsoft.AspNetCore.Identity.UI, 2.2.0}",
      "Microsoft.AspNetCore.JsonPatch, {Microsoft.AspNetCore.JsonPatch, 2.2.0}",
      "Microsoft.AspNetCore.Localization, {Microsoft.AspNetCore.Localization, 2.2.0}",
      "Microsoft.AspNetCore.Localization.Routing, {Microsoft.AspNetCore.Localization.Routing, 2.2.0}",
      "Microsoft.AspNetCore.MiddlewareAnalysis, {Microsoft.AspNetCore.MiddlewareAnalysis, 2.2.0}",
      "Microsoft.AspNetCore.Mvc, {Microsoft.AspNetCore.Mvc, 2.2.0}",
      "Microsoft.AspNetCore.Mvc.Abstractions, {Microsoft.AspNetCore.Mvc.Abstractions, 2.2.0}",
      "Microsoft.AspNetCore.Mvc.ApiExplorer, {Microsoft.AspNetCore.Mvc.ApiExplorer, 2.2.0}",
      "Microsoft.AspNetCore.Mvc.Core, {Microsoft.AspNetCore.Mvc.Core, 2.2.0}",
      "Microsoft.AspNetCore.Mvc.Cors, {Microsoft.AspNetCore.Mvc.Cors, 2.2.0}",
      "Microsoft.AspNetCore.Mvc.DataAnnotations, {Microsoft.AspNetCore.Mvc.DataAnnotations, 2.2.0}",
      "Microsoft.AspNetCore.Mvc.Formatters.Json, {Microsoft.AspNetCore.Mvc.Formatters.Json, 2.2.0}",
      "Microsoft.AspNetCore.Mvc.Formatters.Xml, {Microsoft.AspNetCore.Mvc.Formatters.Xml, 2.2.0}",
      "Microsoft.AspNetCore.Mvc.Localization, {Microsoft.AspNetCore.Mvc.Localization, 2.2.0}",
      "Microsoft.AspNetCore.Mvc.Razor, {Microsoft.AspNetCore.Mvc.Razor, 2.2.0}",
      "Microsoft.AspNetCore.Mvc.Razor.Extensions, {Microsoft.AspNetCore.Mvc.Razor.Extensions, 2.2.0}",
      "Microsoft.AspNetCore.Mvc.RazorPages, {Microsoft.AspNetCore.Mvc.RazorPages, 2.2.0}",
      "Microsoft.AspNetCore.Mvc.TagHelpers, {Microsoft.AspNetCore.Mvc.TagHelpers, 2.2.0}",
      "Microsoft.AspNetCore.Mvc.ViewFeatures, {Microsoft.AspNetCore.Mvc.ViewFeatures, 2.2.0}",
      "Microsoft.AspNetCore.NodeServices, {Microsoft.AspNetCore.NodeServices, 2.2.0}",
      "Microsoft.AspNetCore.Owin, {Microsoft.AspNetCore.Owin, 2.2.0}",
      "Microsoft.AspNetCore.Razor, {Microsoft.AspNetCore.Razor, 2.2.0}",
      "Microsoft.AspNetCore.Razor.Language, {Microsoft.AspNetCore.Razor.Language, 2.2.0}",
      "Microsoft.AspNetCore.Razor.Runtime, {Microsoft.AspNetCore.Razor.Runtime, 2.2.0}",
      "Microsoft.AspNetCore.ResponseCaching, {Microsoft.AspNetCore.ResponseCaching, 2.2.0}",
      "Microsoft.AspNetCore.ResponseCaching.Abstractions, {Microsoft.AspNetCore.ResponseCaching.Abstractions, 2.2.0}",
      "Microsoft.AspNetCore.ResponseCompression, {Microsoft.AspNetCore.ResponseCompression, 2.2.0}",
      "Microsoft.AspNetCore.Rewrite, {Microsoft.AspNetCore.Rewrite, 2.2.0}",
      "Microsoft.AspNetCore.Routing, {Microsoft.AspNetCore.Routing, 2.2.0}",
      "Microsoft.AspNetCore.Routing.Abstractions, {Microsoft.AspNetCore.Routing.Abstractions, 2.2.0}",
      "Microsoft.AspNetCore.Server.HttpSys, {Microsoft.AspNetCore.Server.HttpSys, 2.2.0}",
      "Microsoft.AspNetCore.Server.IIS, {Microsoft.AspNetCore.Server.IIS, 2.2.0}",
      "Microsoft.AspNetCore.Server.IISIntegration, {Microsoft.AspNetCore.Server.IISIntegration, 2.2.0}",
      "Microsoft.AspNetCore.Server.Kestrel, {Microsoft.AspNetCore.Server.Kestrel, 2.2.0}",
      "Microsoft.AspNetCore.Server.Kestrel.Core, {Microsoft.AspNetCore.Server.Kestrel.Core, 2.2.0}",
      "Microsoft.AspNetCore.Server.Kestrel.Https, {Microsoft.AspNetCore.Server.Kestrel.Https, 2.2.0}",
      "Microsoft.AspNetCore.Server.Kestrel.Transport.Abstractions, {Microsoft.AspNetCore.Server.Kestrel.Transport.Abstractions, 2.2.0}",
      "Microsoft.AspNetCore.Server.Kestrel.Transport.Sockets, {Microsoft.AspNetCore.Server.Kestrel.Transport.Sockets, 2.2.0}",
      "Microsoft.AspNetCore.Session, {Microsoft.AspNetCore.Session, 2.2.0}",
      "Microsoft.AspNetCore.SignalR, {Microsoft.AspNetCore.SignalR, 1.1.0}",
      "Microsoft.AspNetCore.SignalR.Common, {Microsoft.AspNetCore.SignalR.Common, 1.1.0}",
      "Microsoft.AspNetCore.SignalR.Core, {Microsoft.AspNetCore.SignalR.Core, 1.1.0}",
      "Microsoft.AspNetCore.SignalR.Protocols.Json, {Microsoft.AspNetCore.SignalR.Protocols.Json, 1.1.0}",
      "Microsoft.AspNetCore.SpaServices, {Microsoft.AspNetCore.SpaServices, 2.2.0}",
      "Microsoft.AspNetCore.SpaServices.Extensions, {Microsoft.AspNetCore.SpaServices.Extensions, 2.2.0}",
      "Microsoft.AspNetCore.StaticFiles, {Microsoft.AspNetCore.StaticFiles, 2.2.0}",
      "Microsoft.AspNetCore.WebSockets, {Microsoft.AspNetCore.WebSockets, 2.2.0}",
      "Microsoft.AspNetCore.WebUtilities, {Microsoft.AspNetCore.WebUtilities, 2.2.0}",
      "Microsoft.CodeAnalysis, {Microsoft.CodeAnalysis.Common, 2.8.0}",
      "Microsoft.CodeAnalysis.CSharp, {Microsoft.CodeAnalysis.CSharp, 2.8.0}",
      "Microsoft.CodeAnalysis.CSharp.Workspaces, {Microsoft.CodeAnalysis.CSharp.Workspaces, 2.8.0}",
      "Microsoft.CodeAnalysis.Razor, {Microsoft.CodeAnalysis.Razor, 2.2.0}",
      "Microsoft.CodeAnalysis.Workspaces, {Microsoft.CodeAnalysis.Workspaces.Common, 2.8.0}",
      "Microsoft.CSharp, {Microsoft.NETCore.App, 2.2.0}",
      "Microsoft.DotNet.PlatformAbstractions, {Microsoft.DotNet.PlatformAbstractions, 2.1.0}",
      "Microsoft.EntityFrameworkCore, {Microsoft.EntityFrameworkCore, 2.2.0}",
      "Microsoft.EntityFrameworkCore.Abstractions, {Microsoft.EntityFrameworkCore.Abstractions, 2.2.0}",
      "Microsoft.EntityFrameworkCore.Design, {Microsoft.EntityFrameworkCore.Design, 2.2.0}",
      "Microsoft.EntityFrameworkCore.InMemory, {Microsoft.EntityFrameworkCore.InMemory, 2.2.0}",
      "Microsoft.EntityFrameworkCore.Relational, {Microsoft.EntityFrameworkCore.Relational, 2.2.0}",
      "Microsoft.EntityFrameworkCore.SqlServer, {Microsoft.EntityFrameworkCore.SqlServer, 2.2.0}",
      "Microsoft.Extensions.Caching.Abstractions, {Microsoft.Extensions.Caching.Abstractions, 2.2.0}",
      "Microsoft.Extensions.Caching.Memory, {Microsoft.Extensions.Caching.Memory, 2.2.0}",
      "Microsoft.Extensions.Caching.SqlServer, {Microsoft.Extensions.Caching.SqlServer, 2.2.0}",
      "Microsoft.Extensions.Configuration, {Microsoft.Extensions.Configuration, 2.2.0}",
      "Microsoft.Extensions.Configuration.Abstractions, {Microsoft.Extensions.Configuration.Abstractions, 2.2.0}",
      "Microsoft.Extensions.Configuration.Binder, {Microsoft.Extensions.Configuration.Binder, 2.2.0}",
      "Microsoft.Extensions.Configuration.CommandLine, {Microsoft.Extensions.Configuration.CommandLine, 2.2.0}",
      "Microsoft.Extensions.Configuration.EnvironmentVariables, {Microsoft.Extensions.Configuration.EnvironmentVariables, 2.2.0}",
      "Microsoft.Extensions.Configuration.FileExtensions, {Microsoft.Extensions.Configuration.FileExtensions, 2.2.0}",
      "Microsoft.Extensions.Configuration.Ini, {Microsoft.Extensions.Configuration.Ini, 2.2.0}",
      "Microsoft.Extensions.Configuration.Json, {Microsoft.Extensions.Configuration.Json, 2.2.0}",
      "Microsoft.Extensions.Configuration.KeyPerFile, {Microsoft.Extensions.Configuration.KeyPerFile, 2.2.0}",
      "Microsoft.Extensions.Configuration.UserSecrets, {Microsoft.Extensions.Configuration.UserSecrets, 2.2.0}",
      "Microsoft.Extensions.Configuration.Xml, {Microsoft.Extensions.Configuration.Xml, 2.2.0}",
      "Microsoft.Extensions.DependencyInjection, {Microsoft.Extensions.DependencyInjection, 2.2.0}",
      "Microsoft.Extensions.DependencyInjection.Abstractions, {Microsoft.Extensions.DependencyInjection.Abstractions, 2.2.0}",
      "Microsoft.Extensions.DependencyModel, {Microsoft.Extensions.DependencyModel, 2.1.0}",
      "Microsoft.Extensions.DiagnosticAdapter, {Microsoft.Extensions.DiagnosticAdapter, 2.2.0}",
      "Microsoft.Extensions.Diagnostics.HealthChecks, {Microsoft.Extensions.Diagnostics.HealthChecks, 2.2.0}",
      "Microsoft.Extensions.Diagnostics.HealthChecks.Abstractions, {Microsoft.Extensions.Diagnostics.HealthChecks.Abstractions, 2.2.0}",
      "Microsoft.Extensions.FileProviders.Abstractions, {Microsoft.Extensions.FileProviders.Abstractions, 2.2.0}",
      "Microsoft.Extensions.FileProviders.Composite, {Microsoft.Extensions.FileProviders.Composite, 2.2.0}",
      "Microsoft.Extensions.FileProviders.Embedded, {Microsoft.Extensions.FileProviders.Embedded, 2.2.0}",
      "Microsoft.Extensions.FileProviders.Physical, {Microsoft.Extensions.FileProviders.Physical, 2.2.0}",
      "Microsoft.Extensions.FileSystemGlobbing, {Microsoft.Extensions.FileSystemGlobbing, 2.2.0}",
      "Microsoft.Extensions.Hosting, {Microsoft.Extensions.Hosting, 2.2.0}",
      "Microsoft.Extensions.Hosting.Abstractions, {Microsoft.Extensions.Hosting.Abstractions, 2.2.0}",
      "Microsoft.Extensions.Http, {Microsoft.Extensions.Http, 2.2.0}",
      "Microsoft.Extensions.Identity.Core, {Microsoft.Extensions.Identity.Core, 2.2.0}",
      "Microsoft.Extensions.Identity.Stores, {Microsoft.Extensions.Identity.Stores, 2.2.0}",
      "Microsoft.Extensions.Localization, {Microsoft.Extensions.Localization, 2.2.0}",
      "Microsoft.Extensions.Localization.Abstractions, {Microsoft.Extensions.Localization.Abstractions, 2.2.0}",
      "Microsoft.Extensions.Logging, {Microsoft.Extensions.Logging, 2.2.0}",
      "Microsoft.Extensions.Logging.Abstractions, {Microsoft.Extensions.Logging.Abstractions, 2.2.0}",
      "Microsoft.Extensions.Logging.Configuration, {Microsoft.Extensions.Logging.Configuration, 2.2.0}",
      "Microsoft.Extensions.Logging.Console, {Microsoft.Extensions.Logging.Console, 2.2.0}",
      "Microsoft.Extensions.Logging.Debug, {Microsoft.Extensions.Logging.Debug, 2.2.0}",
      "Microsoft.Extensions.Logging.EventSource, {Microsoft.Extensions.Logging.EventSource, 2.2.0}",
      "Microsoft.Extensions.Logging.TraceSource, {Microsoft.Extensions.Logging.TraceSource, 2.2.0}",
      "Microsoft.Extensions.ObjectPool, {Microsoft.Extensions.ObjectPool, 2.2.0}",
      "Microsoft.Extensions.Options, {Microsoft.Extensions.Options, 2.2.0}",
      "Microsoft.Extensions.Options.ConfigurationExtensions, {Microsoft.Extensions.Options.ConfigurationExtensions, 2.2.0}",
      "Microsoft.Extensions.Options.DataAnnotations, {Microsoft.Extensions.Options.DataAnnotations, 2.2.0}",
      "Microsoft.Extensions.Primitives, {Microsoft.Extensions.Primitives, 2.2.0}",
      "Microsoft.Extensions.WebEncoders, {Microsoft.Extensions.WebEncoders, 2.2.0}",
      "Microsoft.IdentityModel.JsonWebTokens, {Microsoft.IdentityModel.JsonWebTokens, 5.3.0}",
      "Microsoft.IdentityModel.Logging, {Microsoft.IdentityModel.Logging, 5.3.0}",
      "Microsoft.IdentityModel.Protocols, {Microsoft.IdentityModel.Protocols, 5.3.0}",
      "Microsoft.IdentityModel.Protocols.OpenIdConnect, {Microsoft.IdentityModel.Protocols.OpenIdConnect, 5.3.0}",
      "Microsoft.IdentityModel.Protocols.WsFederation, {Microsoft.IdentityModel.Protocols.WsFederation, 5.3.0}",
      "Microsoft.IdentityModel.Tokens, {Microsoft.IdentityModel.Tokens, 5.3.0}",
      "Microsoft.IdentityModel.Tokens.Saml, {Microsoft.IdentityModel.Tokens.Saml, 5.3.0}",
      "Microsoft.IdentityModel.Xml, {Microsoft.IdentityModel.Xml, 5.3.0}",
      "Microsoft.Net.Http.Headers, {Microsoft.Net.Http.Headers, 2.2.0}",
      "Microsoft.VisualBasic, {Microsoft.NETCore.App, 2.2.0}",
      "Microsoft.VisualStudio.Web.CodeGeneration, {Microsoft.VisualStudio.Web.CodeGeneration, 2.2.4}",
      "Microsoft.VisualStudio.Web.CodeGeneration.Contracts, {Microsoft.VisualStudio.Web.CodeGeneration.Contracts, 2.2.4}",
      "Microsoft.VisualStudio.Web.CodeGeneration.Core, {Microsoft.VisualStudio.Web.CodeGeneration.Core, 2.2.4}",
      "Microsoft.VisualStudio.Web.CodeGeneration.EntityFrameworkCore, {Microsoft.VisualStudio.Web.CodeGeneration.EntityFrameworkCore, 2.2.4}",
      "Microsoft.VisualStudio.Web.CodeGeneration.Templating, {Microsoft.VisualStudio.Web.CodeGeneration.Templating, 2.2.4}",
      "Microsoft.VisualStudio.Web.CodeGeneration.Utils, {Microsoft.VisualStudio.Web.CodeGeneration.Utils, 2.2.4}",
      "Microsoft.VisualStudio.Web.CodeGenerators.Mvc, {Microsoft.VisualStudio.Web.CodeGenerators.Mvc, 2.2.4}",
      "Microsoft.Win32.Primitives, {Microsoft.NETCore.App, 2.2.0}",
      "Microsoft.Win32.Registry, {Microsoft.Win32.Registry, 4.5.0}",
      "mscorlib, {Microsoft.NETCore.App, 2.2.0}",
      "netstandard, {Microsoft.NETCore.App, 2.2.0}",
      "Newtonsoft.Json, {Newtonsoft.Json, 11.0.2}",
      "Newtonsoft.Json.Bson, {Newtonsoft.Json.Bson, 1.0.1}",
      "NuGet.Frameworks, {NuGet.Frameworks, 4.7.0}",
      "Remotion.Linq, {Remotion.Linq, 2.2.0}",
      "System, {Microsoft.NETCore.App, 2.2.0}",
      "System.AppContext, {Microsoft.NETCore.App, 2.2.0}",
      "System.Buffers, {Microsoft.NETCore.App, 2.2.0}",
      "System.Collections, {Microsoft.NETCore.App, 2.2.0}",
      "System.Collections.Concurrent, {Microsoft.NETCore.App, 2.2.0}",
      "System.Collections.Immutable, {Microsoft.NETCore.App, 2.2.0}",
      "System.Collections.NonGeneric, {Microsoft.NETCore.App, 2.2.0}",
      "System.Collections.Specialized, {Microsoft.NETCore.App, 2.2.0}",
      "System.ComponentModel, {Microsoft.NETCore.App, 2.2.0}",
      "System.ComponentModel.Annotations, {Microsoft.NETCore.App, 2.2.0}",
      "System.ComponentModel.DataAnnotations, {Microsoft.NETCore.App, 2.2.0}",
      "System.ComponentModel.EventBasedAsync, {Microsoft.NETCore.App, 2.2.0}",
      "System.ComponentModel.Primitives, {Microsoft.NETCore.App, 2.2.0}",
      "System.ComponentModel.TypeConverter, {Microsoft.NETCore.App, 2.2.0}",
      "System.Composition.AttributedModel, {System.Composition.AttributedModel, 1.0.31}",
      "System.Composition.Convention, {System.Composition.Convention, 1.0.31}",
      "System.Composition.Hosting, {System.Composition.Hosting, 1.0.31}",
      "System.Composition.Runtime, {System.Composition.Runtime, 1.0.31}",
      "System.Composition.TypedParts, {System.Composition.TypedParts, 1.0.31}",
      "System.Configuration, {Microsoft.NETCore.App, 2.2.0}",
      "System.Console, {Microsoft.NETCore.App, 2.2.0}",
      "System.Core, {Microsoft.NETCore.App, 2.2.0}",
      "System.Data, {Microsoft.NETCore.App, 2.2.0}",
      "System.Data.Common, {Microsoft.NETCore.App, 2.2.0}",
      "System.Data.SqlClient, {System.Data.SqlClient, 4.6.0}",
      "System.Diagnostics.Contracts, {Microsoft.NETCore.App, 2.2.0}",
      "System.Diagnostics.Debug, {Microsoft.NETCore.App, 2.2.0}",
      "System.Diagnostics.DiagnosticSource, {Microsoft.NETCore.App, 2.2.0}",
      "System.Diagnostics.FileVersionInfo, {Microsoft.NETCore.App, 2.2.0}",
      "System.Diagnostics.Process, {Microsoft.NETCore.App, 2.2.0}",
      "System.Diagnostics.StackTrace, {Microsoft.NETCore.App, 2.2.0}",
      "System.Diagnostics.TextWriterTraceListener, {Microsoft.NETCore.App, 2.2.0}",
      "System.Diagnostics.Tools, {Microsoft.NETCore.App, 2.2.0}",
      "System.Diagnostics.TraceSource, {Microsoft.NETCore.App, 2.2.0}",
      "System.Diagnostics.Tracing, {Microsoft.NETCore.App, 2.2.0}",
      "System.Drawing, {Microsoft.NETCore.App, 2.2.0}",
      "System.Drawing.Primitives, {Microsoft.NETCore.App, 2.2.0}",
      "System.Dynamic.Runtime, {Microsoft.NETCore.App, 2.2.0}",
      "System.Globalization, {Microsoft.NETCore.App, 2.2.0}",
      "System.Globalization.Calendars, {Microsoft.NETCore.App, 2.2.0}",
      "System.Globalization.Extensions, {Microsoft.NETCore.App, 2.2.0}",
      "System.IdentityModel.Tokens.Jwt, {System.IdentityModel.Tokens.Jwt, 5.3.0}",
      "System.Interactive.Async, {System.Interactive.Async, 3.2.0}",
      "System.IO, {Microsoft.NETCore.App, 2.2.0}",
      "System.IO.Compression, {Microsoft.NETCore.App, 2.2.0}",
      "System.IO.Compression.Brotli, {Microsoft.NETCore.App, 2.2.0}",
      "System.IO.Compression.FileSystem, {Microsoft.NETCore.App, 2.2.0}",
      "System.IO.Compression.ZipFile, {Microsoft.NETCore.App, 2.2.0}",
      "System.IO.FileSystem, {Microsoft.NETCore.App, 2.2.0}",
      "System.IO.FileSystem.DriveInfo, {Microsoft.NETCore.App, 2.2.0}",
      "System.IO.FileSystem.Primitives, {Microsoft.NETCore.App, 2.2.0}",
      "System.IO.FileSystem.Watcher, {Microsoft.NETCore.App, 2.2.0}",
      "System.IO.IsolatedStorage, {Microsoft.NETCore.App, 2.2.0}",
      "System.IO.MemoryMappedFiles, {Microsoft.NETCore.App, 2.2.0}",
      "System.IO.Pipelines, {System.IO.Pipelines, 4.5.2}",
      "System.IO.Pipes, {Microsoft.NETCore.App, 2.2.0}",
      "System.IO.UnmanagedMemoryStream, {Microsoft.NETCore.App, 2.2.0}",
      "System.Linq, {Microsoft.NETCore.App, 2.2.0}",
      "System.Linq.Expressions, {Microsoft.NETCore.App, 2.2.0}",
      "System.Linq.Parallel, {Microsoft.NETCore.App, 2.2.0}",
      "System.Linq.Queryable, {Microsoft.NETCore.App, 2.2.0}",
      "System.Memory, {Microsoft.NETCore.App, 2.2.0}",
      "System.Net, {Microsoft.NETCore.App, 2.2.0}",
      "System.Net.Http, {Microsoft.NETCore.App, 2.2.0}",
      "System.Net.Http.Formatting, {Microsoft.AspNet.WebApi.Client, 5.2.6}",
      "System.Net.HttpListener, {Microsoft.NETCore.App, 2.2.0}",
      "System.Net.Mail, {Microsoft.NETCore.App, 2.2.0}",
      "System.Net.NameResolution, {Microsoft.NETCore.App, 2.2.0}",
      "System.Net.NetworkInformation, {Microsoft.NETCore.App, 2.2.0}",
      "System.Net.Ping, {Microsoft.NETCore.App, 2.2.0}",
      "System.Net.Primitives, {Microsoft.NETCore.App, 2.2.0}",
      "System.Net.Requests, {Microsoft.NETCore.App, 2.2.0}",
      "System.Net.Security, {Microsoft.NETCore.App, 2.2.0}",
      "System.Net.ServicePoint, {Microsoft.NETCore.App, 2.2.0}",
      "System.Net.Sockets, {Microsoft.NETCore.App, 2.2.0}",
      "System.Net.WebClient, {Microsoft.NETCore.App, 2.2.0}",
      "System.Net.WebHeaderCollection, {Microsoft.NETCore.App, 2.2.0}",
      "System.Net.WebProxy, {Microsoft.NETCore.App, 2.2.0}",
      "System.Net.WebSockets, {Microsoft.NETCore.App, 2.2.0}",
      "System.Net.WebSockets.Client, {Microsoft.NETCore.App, 2.2.0}",
      "System.Net.WebSockets.WebSocketProtocol, {System.Net.WebSockets.WebSocketProtocol, 4.5.1}",
      "System.Numerics, {Microsoft.NETCore.App, 2.2.0}",
      "System.Numerics.Vectors, {Microsoft.NETCore.App, 2.2.0}",
      "System.ObjectModel, {Microsoft.NETCore.App, 2.2.0}",
      "System.Reflection, {Microsoft.NETCore.App, 2.2.0}",
      "System.Reflection.DispatchProxy, {Microsoft.NETCore.App, 2.2.0}",
      "System.Reflection.Emit, {Microsoft.NETCore.App, 2.2.0}",
      "System.Reflection.Emit.ILGeneration, {Microsoft.NETCore.App, 2.2.0}",
      "System.Reflection.Emit.Lightweight, {Microsoft.NETCore.App, 2.2.0}",
      "System.Reflection.Extensions, {Microsoft.NETCore.App, 2.2.0}",
      "System.Reflection.Metadata, {Microsoft.NETCore.App, 2.2.0}",
      "System.Reflection.Primitives, {Microsoft.NETCore.App, 2.2.0}",
      "System.Reflection.TypeExtensions, {Microsoft.NETCore.App, 2.2.0}",
      "System.Resources.Reader, {Microsoft.NETCore.App, 2.2.0}",
      "System.Resources.ResourceManager, {Microsoft.NETCore.App, 2.2.0}",
      "System.Resources.Writer, {Microsoft.NETCore.App, 2.2.0}",
      "System.Runtime, {Microsoft.NETCore.App, 2.2.0}",
      "System.Runtime.CompilerServices.Unsafe, {System.Runtime.CompilerServices.Unsafe, 4.5.1}",
      "System.Runtime.CompilerServices.VisualC, {Microsoft.NETCore.App, 2.2.0}",
      "System.Runtime.Extensions, {Microsoft.NETCore.App, 2.2.0}",
      "System.Runtime.Handles, {Microsoft.NETCore.App, 2.2.0}",
      "System.Runtime.InteropServices, {Microsoft.NETCore.App, 2.2.0}",
      "System.Runtime.InteropServices.RuntimeInformation, {Microsoft.NETCore.App, 2.2.0}",
      "System.Runtime.InteropServices.WindowsRuntime, {Microsoft.NETCore.App, 2.2.0}",
      "System.Runtime.Loader, {Microsoft.NETCore.App, 2.2.0}",
      "System.Runtime.Numerics, {Microsoft.NETCore.App, 2.2.0}",
      "System.Runtime.Serialization, {Microsoft.NETCore.App, 2.2.0}",
      "System.Runtime.Serialization.Formatters, {Microsoft.NETCore.App, 2.2.0}",
      "System.Runtime.Serialization.Json, {Microsoft.NETCore.App, 2.2.0}",
      "System.Runtime.Serialization.Primitives, {Microsoft.NETCore.App, 2.2.0}",
      "System.Runtime.Serialization.Xml, {Microsoft.NETCore.App, 2.2.0}",
      "System.Security, {Microsoft.NETCore.App, 2.2.0}",
      "System.Security.AccessControl, {System.Security.AccessControl, 4.5.0}",
      "System.Security.Claims, {Microsoft.NETCore.App, 2.2.0}",
      "System.Security.Cryptography.Algorithms, {Microsoft.NETCore.App, 2.2.0}",
      "System.Security.Cryptography.Cng, {System.Security.Cryptography.Cng, 4.5.0}",
      "System.Security.Cryptography.Csp, {Microsoft.NETCore.App, 2.2.0}",
      "System.Security.Cryptography.Encoding, {Microsoft.NETCore.App, 2.2.0}",
      "System.Security.Cryptography.Primitives, {Microsoft.NETCore.App, 2.2.0}",
      "System.Security.Cryptography.X509Certificates, {Microsoft.NETCore.App, 2.2.0}",
      "System.Security.Cryptography.Xml, {System.Security.Cryptography.Xml, 4.5.0}",
      "System.Security.Permissions, {System.Security.Permissions, 4.5.0}",
      "System.Security.Principal, {Microsoft.NETCore.App, 2.2.0}",
      "System.Security.Principal.Windows, {System.Security.Principal.Windows, 4.5.0}",
      "System.Security.SecureString, {Microsoft.NETCore.App, 2.2.0}",
      "System.ServiceModel, {System.ServiceModel.Primitives, 4.7.0}",
      "System.ServiceModel.Duplex, {System.ServiceModel.Duplex, 4.7.0}",
      "System.ServiceModel.Http, {System.ServiceModel.Http, 4.7.0}",
      "System.ServiceModel.NetTcp, {System.ServiceModel.NetTcp, 4.7.0}",
      "System.ServiceModel.Primitives, {System.ServiceModel.Primitives, 4.7.0}",
      "System.ServiceModel.Security, {System.ServiceModel.Security, 4.7.0}",
      "System.ServiceModel.Web, {Microsoft.NETCore.App, 2.2.0}",
      "System.ServiceProcess, {Microsoft.NETCore.App, 2.2.0}",
      "System.Text.Encoding, {Microsoft.NETCore.App, 2.2.0}",
      "System.Text.Encoding.Extensions, {Microsoft.NETCore.App, 2.2.0}",
      "System.Text.Encodings.Web, {System.Text.Encodings.Web, 4.5.0}",
      "System.Text.RegularExpressions, {Microsoft.NETCore.App, 2.2.0}",
      "System.Threading, {Microsoft.NETCore.App, 2.2.0}",
      "System.Threading.Channels, {System.Threading.Channels, 4.5.0}",
      "System.Threading.Overlapped, {Microsoft.NETCore.App, 2.2.0}",
      "System.Threading.Tasks, {Microsoft.NETCore.App, 2.2.0}",
      "System.Threading.Tasks.Dataflow, {Microsoft.NETCore.App, 2.2.0}",
      "System.Threading.Tasks.Extensions, {Microsoft.NETCore.App, 2.2.0}",
      "System.Threading.Tasks.Parallel, {Microsoft.NETCore.App, 2.2.0}",
      "System.Threading.Thread, {Microsoft.NETCore.App, 2.2.0}",
      "System.Threading.ThreadPool, {Microsoft.NETCore.App, 2.2.0}",
      "System.Threading.Timer, {Microsoft.NETCore.App, 2.2.0}",
      "System.Transactions, {Microsoft.NETCore.App, 2.2.0}",
      "System.Transactions.Local, {Microsoft.NETCore.App, 2.2.0}",
      "System.ValueTuple, {Microsoft.NETCore.App, 2.2.0}",
      "System.Web, {Microsoft.NETCore.App, 2.2.0}",
      "System.Web.HttpUtility, {Microsoft.NETCore.App, 2.2.0}",
      "System.Windows, {Microsoft.NETCore.App, 2.2.0}",
      "System.Xml, {Microsoft.NETCore.App, 2.2.0}",
      "System.Xml.Linq, {Microsoft.NETCore.App, 2.2.0}",
      "System.Xml.ReaderWriter, {Microsoft.NETCore.App, 2.2.0}",
      "System.Xml.Serialization, {Microsoft.NETCore.App, 2.2.0}",
      "System.Xml.XDocument, {Microsoft.NETCore.App, 2.2.0}",
      "System.Xml.XmlDocument, {Microsoft.NETCore.App, 2.2.0}",
      "System.Xml.XmlSerializer, {Microsoft.NETCore.App, 2.2.0}",
      "System.Xml.XPath, {Microsoft.NETCore.App, 2.2.0}",
      "System.Xml.XPath.XDocument, {Microsoft.NETCore.App, 2.2.0}",
      "WindowsBase, {Microsoft.NETCore.App, 2.2.0}"
    ],
    "targetFramework": "netcoreapp2.2",
    "typeReuseMode": "All"
  }
}